{
    "congress": {
        "50th Congress (1887-1889)": [
            "1887-3-04",
            "1889-3-03"
        ],
        "51st Congress (1889-1891)": [
            "1889-3-04",
            "1891-3-03"
        ],
        "52nd Congress (1891-1893)": [
            "1891-3-04",
            "1893-3-03"
        ],
        "53rd Congress (1893-1895)": [
            "1893-3-04",
            "1895-3-03"
        ],
        "54th Congress (1895-1897)": [
            "1895-3-04",
            "1897-3-03"
        ],
        "55th Congress (1897-1899)": [
            "1897-3-04",
            "1899-3-03"
        ],
        "56th Congress (1899-1901)": [
            "1899-3-04",
            "1901-3-03"
        ],
        "57th Congress (1901-1903)": [
            "1901-3-04",
            "1903-3-03"
        ],
        "58th Congress (1903-1905)": [
            "1903-3-04",
            "1905-3-03"
        ],
        "59th Congress (1905-1907)": [
            "1905-3-04",
            "1907-3-03"
        ],
        "60th Congress (1907-1909)": [
            "1907-3-04",
            "1909-3-03"
        ],
        "61st Congress (1909-1911)": [
            "1909-3-04",
            "1911-3-03"
        ],
        "62nd Congress (1911-1913)": [
            "1911-3-04",
            "1913-3-03"
        ],
        "63rd Congress (1913-1915)": [
            "1913-3-04",
            "1915-3-03"
        ],
        "64th Congress (1915-1917)": [
            "1915-3-04",
            "1917-3-03"
        ],
        "65th Congress (1917-1919)": [
            "1917-3-04",
            "1919-3-03"
        ],
        "66th Congress (1919-1921)": [
            "1919-3-04",
            "1921-3-03"
        ],
        "67th Congress (1921-1923)": [
            "1921-3-04",
            "1923-3-03"
        ],
        "68th Congress (1923-1925)": [
            "1923-3-04",
            "1925-3-03"
        ],
        "69th Congress (1925-1927)": [
            "1925-3-04",
            "1927-3-03"
        ],
        "70th Congress (1927-1929)": [
            "1927-3-04",
            "1929-3-03"
        ],
        "71st Congress (1929-1931)": [
            "1929-3-04",
            "1931-3-03"
        ],
        "72nd Congress (1931-1933)": [
            "1931-3-04",
            "1933-3-03"
        ],
        "73rd Congress (1933-1935)": [
            "1933-3-04",
            "1935-1-03"
        ],
        "74th Congress (1935-1937)": [
            "1935-1-03",
            "1937-1-03"
        ],
        "75th Congress (1937-1939)": [
            "1937-1-03",
            "1939-1-03"
        ],
        "76th Congress (1939-1941)": [
            "1939-1-03",
            "1941-1-03"
        ],
        "77th Congress (1941-1943)": [
            "1941-1-03",
            "1943-1-03"
        ],
        "78th Congress (1943-1945)": [
            "1943-1-03",
            "1945-1-03"
        ],
        "79th Congress (1945-1947)": [
            "1945-1-03",
            "1947-1-03"
        ],
        "80th Congress (1947-1949)": [
            "1947-1-03",
            "1949-1-03"
        ],
        "81st Congress (1949-1951)": [
            "1949-1-03",
            "1951-1-03"
        ],
        "82nd Congress (1951-1953)": [
            "1951-1-03",
            "1953-1-03"
        ],
        "83rd Congress (1953-1955)": [
            "1953-1-03",
            "1955-1-03"
        ],
        "84th Congress (1955-1957)": [
            "1955-1-03",
            "1957-1-03"
        ],
        "85th Congress (1957-1959)": [
            "1957-1-03",
            "1959-1-03"
        ],
        "86th Congress (1959-1961)": [
            "1959-1-03",
            "1961-1-03"
        ],
        "87th Congress (1961-1963)": [
            "1961-1-03",
            "1963-1-03"
        ],
        "88th Congress (1963-1965)": [
            "1963-1-03",
            "1965-1-03"
        ],
        "89th Congress (1965-1967)": [
            "1965-1-03",
            "1967-1-03"
        ],
        "90th Congress (1967-1969)": [
            "1967-1-03",
            "1969-1-03"
        ],
        "91st Congress (1969-1971)": [
            "1969-1-03",
            "1971-1-03"
        ],
        "92nd Congress (1971-1973)": [
            "1971-1-03",
            "1973-1-03"
        ],
        "93rd Congress (1973-1975)": [
            "1973-1-03",
            "1975-1-03"
        ],
        "94th Congress (1975-1977)": [
            "1975-1-03",
            "1977-1-03"
        ],
        "95th Congress (1977-1979)": [
            "1977-1-03",
            "1979-1-03"
        ],
        "96th Congress (1979-1981)": [
            "1979-1-03",
            "1981-1-03"
        ],
        "97th Congress (1981-1983)": [
            "1981-1-03",
            "1983-1-03"
        ],
        "98th Congress (1983-1985)": [
            "1983-1-03",
            "1985-1-03"
        ],
        "99th Congress (1985-1987)": [
            "1985-1-03",
            "1987-1-03"
        ],
        "100th Congress (1987-1989)": [
            "1987-1-03",
            "1989-1-03"
        ],
        "101st Congress (1989-1991)": [
            "1989-1-03",
            "1991-1-03"
        ],
        "102nd Congress (1991-1993)": [
            "1991-1-03",
            "1993-1-03"
        ],
        "103rd Congress (1993-1995)": [
            "1993-1-03",
            "1995-1-03"
        ],
        "104th Congress (1995-1997)": [
            "1995-1-03",
            "1997-1-03"
        ],
        "105th Congress (1997-1999)": [
            "1997-1-03",
            "1999-1-03"
        ],
        "106th Congress (1999-2001)": [
            "1999-1-03",
            "2001-1-03"
        ],
        "107th Congress (2001-2003)": [
            "2001-1-03",
            "2003-1-03"
        ],
        "108th Congress (2003-2005)": [
            "2003-1-03",
            "2005-1-03"
        ],
        "109th Congress (2005-2007)": [
            "2005-1-03",
            "2007-1-03"
        ],
        "110th Congress (2007-2009)": [
            "2007-1-03",
            "2009-1-03"
        ],
        "111th Congress (2009-2011)": [
            "2009-1-03",
            "2011-1-03"
        ],
        "112th Congress (2011-2013)": [
            "2011-1-03",
            "2013-1-03"
        ],
        "113th Congress (2013-2015)": [
            "2013-1-03",
            "2015-1-03"
        ],
        "114th Congress (2015-2017)": [
            "2015-1-03",
            "2017-1-03"
        ],
        "115th Congress (2017-2019)": [
            "2017-1-03",
            "2019-1-03"
        ],
        "116th Congress (2019-2021)": [
            "2019-1-03",
            "2021-1-03"
        ],
        "117th Congress (2021-2023)": [
            "2021-1-03",
            "2023-1-03"
        ],
        "118th Congress (2023-2025)": [
            "2023-1-03",
            "2025-1-03"
        ]
    }
}