{
    "case_categories": {
        "tribal_sovereignty_cases": [
            "Cherokee Nation v. Georgia", "Cherokee Nation vs. Georgia",
            "Worcester v. Georgia", "Worcester vs. Georgia",
            "United States v. Kagama", "United States vs. Kagama", "U.S. v. Kagama", "U.S. vs. Kagama",
            "Oklahoma Tax Commission v. United States", "Oklahoma Tax Commission vs. United States", "Oklahoma Tax Commission v. U.S.", "Oklahoma Tax Commission vs. U.S.", "OK Tax Commission v. United States", "OK Tax Commission vs. United States", "Oklahoma Tax Comm. v. United States",
            "Menominee Tribe v. United States", "Menominee Tribe vs. United States", "Menominee Tribe v. U.S.", "Menominee Tribe vs. U.S.",
            "Morton v. Mancari", "Morton vs. Mancari",
            "Bryan v. Itasca County", "Bryan vs. Itasca County",
            "Oliphant v. Suquamish Indian Tribe", "Oliphant vs. Suquamish Indian Tribe",
            "United States v. Wheeler", "United States vs. Wheeler", "U.S. v. Wheeler", "U.S. vs. Wheeler",
            "Santa Clara Pueblo v. Martinez", "Santa Clara Pueblo vs. Martinez",
            "Washington v. Confederated Bands and Tribes of the Yakima Indian Nation", "Washington vs. Confederated Bands and Tribes of the Yakima Indian Nation", "Washington v. Yakima Indian Nation", "Washington vs. Yakima Indian Nation",
            "Washington v. Confederated Tribes of Colville Reservation", "Washington vs. Confederated Tribes of Colville Reservation", "Washington v. Colville Reservation", "Washington vs. Colville Reservation",
            "White Mountain Apache Tribe v. Bracker", "White Mountain Apache Tribe vs. Bracker", "WM Apache Tribe v. Bracker", "WM Apache Tribe vs. Bracker",
            "Merrion v. Jicarilla Apache Tribe", "Merrion vs. Jicarilla Apache Tribe", "Merrion v. Jicarilla Tribe", "Merrion vs. Jicarilla Tribe",
            "Ramah Navajo School Bd., Inc. v. Bureau of Revenue of N.M.", "Ramah Navajo School Board v. Bureau of Revenue of N.M.", "Ramah Navajo School Board vs. Bureau of Revenue of N.M.",
            "New Mexico v. Mescalero Apache Tribe", "New Mexico vs. Mescalero Apache Tribe", "N.M. v. Mescalero Apache Tribe",
            "National Farmers Union Ins. Cos. v. Crow Tribe", "National Farmers Union Insurance v. Crow Tribe", "National Farmers Union vs. Crow Tribe",
            "Three Affiliated Tribes of Fort Berthold Reservation v. Wold Engineering, P. C.", "Three Affiliated Tribes v. Wold Engineering", "Fort Berthold Reservation v. Wold Engineering",
            "Cotton Petroleum Corp. v. New Mexico", "Cotton Petroleum Corp. vs. New Mexico", "Cotton Petroleum v. N.M.",
            "Brendale v. Confederated Yakima Indian Nation", "Brendale vs. Confederated Yakima Indian Nation",
            "Duro v. Reina", "Duro vs. Reina",
            "Oklahoma Tax Commission v. Citizen Band of Potawatomi Tribe of Okla.", "Oklahoma Tax Commission vs. Citizen Band of Potawatomi Tribe of Okla.", "OK Tax Commission v. Citizen Band of Potawatomi Tribe of Oklahoma", "Oklahoma Tax Commission v. Potawatomi Tribe",
            "Yakima v. Confederated Tribes", "Yakima vs. Confederated Tribes",
            "Dept. of Taxation and Finance of N.Y. v. Milhelm Attea & Bros., Inc.", "Department of Taxation and Finance of NY v. Milhelm Attea & Bros.", "Dept. of Taxation v. Milhelm Attea", "Dept. of Taxation vs. Milhelm Attea",
            "United States v. Lara", "U.S. v. Lara", "United States vs. Lara",
            "Wagnon v. Prairie Band Potawatomi Indians", "Wagnon vs. Prairie Band Potawatomi Indians",
            "Plains Commerce Bank v. Long Family Land and Cattle Co., Inc.", "Plains Commerce Bank vs. Long Family Land and Cattle Co., Inc.", "Plains Commerce Bank v. Long Family Land Co.", "Plains Commerce Bank vs. Long Family Land Co."
        ],
        "allotment_cases": [
            "Arenas v. United States", "Arenas vs. United States", "Arenas v. U.S.", "Arenas vs. U.S.",
            "Brendale v. Confederated Yakima Indian Nation", "Brendale vs. Confederated Yakima Indian Nation",
            "Yakima v. Confederated Tribes", "Yakima vs. Confederated Tribes",
            "Plains Commerce Bank v. Long Family Land and Cattle Co.", "Plains Commerce Bank vs. Long Family Land and Cattle Co.",
            "United States v. Mitchell", "United States vs. Mitchell", "U.S. v. Mitchell", "U.S. vs. Mitchell"
        ],
        "property_rights_cases": [
            "Oklahoma Tax Commission v. United States", "Oklahoma Tax Commission vs. United States", "Oklahoma Tax Commission v. U.S.", "Oklahoma Tax Commission vs. U.S.", "OK Tax Commission v. United States", "OK Tax Commission vs. United States",
            "United States v. Southern Ute Tribe or Band of Indians", "United States vs. Southern Ute Tribe", "U.S. v. Southern Ute Tribe", "U.S. vs. Southern Ute Tribe",
            "United States v. Sioux Nation of Indians", "United States vs. Sioux Nation of Indians", "U.S. v. Sioux Nation of Indians", "U.S. vs. Sioux Nation",
            "Rice v. Rehner", "Rice vs. Rehner",
            "Brendale v. Confederated Yakima Indian Nation", "Brendale vs. Confederated Yakima Indian Nation",
            "Oklahoma Tax Commission v. Citizen Band of Potawatomi Tribe of Okla.", "Oklahoma Tax Commission vs. Citizen Band of Potawatomi Tribe of Okla.", "OK Tax Commission v. Potawatomi Tribe", 
            "Yakima v. Confederated Tribes", "Yakima vs. Confederated Tribes",
            "South Dakota v. Bourland", "South Dakota vs. Bourland", "S.D. v. Bourland",
            "Plains Commerce Bank v. Long Family Land and Cattle Co.", "Plains Commerce Bank vs. Long Family Land Co."
        ],
        "tribal_reservations_cases": [
            "United States v. Southern Ute Tribe or Band of Indians", "United States vs. Southern Ute Tribe", "U.S. v. Southern Ute Tribe", "U.S. vs. Southern Ute Tribe",
            "McClanahan v. Arizona State Tax Commission", "McClanahan vs. Arizona State Tax Commission", "McClanahan v. Arizona Tax Commission",
            "Oliphant v. Suquamish Indian Tribe", "Oliphant vs. Suquamish Indian Tribe",
            "Washington v. Confederated Bands and Tribes of the Yakima Indian Nation", "Washington vs. Confederated Bands of Yakima",
            "Washington v. Confederated Tribes of Colville Reservation", "Washington vs. Confederated Tribes of Colville Reservation",
            "White Mountain Apache Tribe v. Bracker", "White Mountain Apache Tribe vs. Bracker",
            "United States v. Sioux Nation of Indians", "United States vs. Sioux Nation", "U.S. v. Sioux Nation",
            "Merrion v. Jicarilla Apache Tribe", "Merrion vs. Jicarilla Apache Tribe", "Merrion v. Jicarilla Tribe",
            "New Mexico v. Mescalero Apache Tribe", "New Mexico vs. Mescalero Apache Tribe",
            "Rice v. Rehner", "Rice vs. Rehner",
            "Oregon Dept. of Fish and Wildlife v. Klamath Indian Tribe", "Oregon Dept. of Fish and Wildlife vs. Klamath Indian Tribe", "Oregon Fish and Wildlife v. Klamath Tribe",
            "California v. Cabazon Band of Mission Indians", "California vs. Cabazon Band of Mission Indians",
            "Mississippi Band of Choctaw Indians v. Holyfield", "Mississippi Band of Choctaw Indians vs. Holyfield", "Choctaw Indians v. Holyfield",
            "Brendale v. Confederated Yakima Indian Nation", "Brendale vs. Confederated Yakima Indian Nation",
            "Oklahoma Tax Commission v. Citizen Band of Potawatomi Tribe of Okla.", "OK Tax Commission v. Potawatomi Tribe",
            "South Dakota v. Bourland", "S.D. v. Bourland",
            "Plains Commerce Bank v. Long Family Land and Cattle Co."
        ],
        "tribal_citizenship_cases": [
            "Ex parte Joins",
            "Santa Clara Pueblo v. Martinez", "Santa Clara Pueblo vs. Martinez",
            "Mississippi Band of Choctaw Indians v. Holyfield", "Choctaw Indians v. Holyfield",
            "South Dakota v. Bourland", "S.D. v. Bourland"
        ],
        "taxation_cases": [
            "Oklahoma Tax Commission v. United States", "Oklahoma Tax Commission vs. United States", "OK Tax Commission v. United States", "Oklahoma Tax Commission v. U.S.",
            "Mescalero Apache Tribe v. Jones", "Mescalero Apache Tribe vs. Jones",
            "McClanahan v. Arizona State Tax Commission", "McClanahan vs. Arizona Tax Commission",
            "Bryan v. Itasca County", "Bryan vs. Itasca County",
            "Washington v. Confederated Tribes of Colville Reservation", "Washington vs. Colville Tribes",
            "White Mountain Apache Tribe v. Bracker", "White Mountain Apache Tribe vs. Bracker",
            "Ramah Navajo School Bd., Inc. v. Bureau of Revenue of N.M.", "Ramah Navajo School Board v. Bureau of Revenue",
            "New Mexico v. Mescalero Apache Tribe", "New Mexico vs. Mescalero Tribe",
            "Cotton Petroleum Corp. v. New Mexico", "Cotton Petroleum Corp. vs. N.M.",
            "Oklahoma Tax Commission v. Citizen Band of Potawatomi Tribe of Oklahoma", "OK Tax Commission v. Potawatomi Tribe",
            "Yakima v. Confederated Tribes", "Yakima vs. Confederated Tribes",
            "Oklahoma Tax Commission v. Sac & Fox Nation", "OK Tax Commission v. Sac & Fox",
            "Dept. of Taxation and Finance of N.Y. v. Milhelm Attea & Bros., Inc.", "Dept. of Taxation v. Milhelm Attea",
            "Wagnon v. Prairie Band Potawatomi Indians", "Wagnon vs. Prairie Band Potawatomi"
        ],
        "american_indian_claims": [
            "Alaska Native Allotment Act", "Alaska Allotment Act",
            "Alaska Native Claims Settlement Act", "Alaska Claims Settlement Act",
            "American Indian Religious Freedom Act", "Indian Religious Freedom Act",
            "American Indian Trust Fund Management Reform Act", "Indian Trust Fund Management Act",
            "Burke Act",
            "Cherokee Nation v. Georgia", "Cherokee Nation vs. Georgia",
            "Civilization Fund Act",
            "Clean Air Act",
            "Clean Water Act",
            "Creek Nation v. United States", "Creek Nation vs. U.S.",
            "Curtis Act",
            "Dawes Act",
            "Forced Relocation",
            "Hawaiian Homelands",
            "House Concurrent Resolution 108",
            "Indian Arts and Crafts Act",
            "Indian Census Act",
            "Indian Child Welfare Act",
            "Indian Citizenship Act",
            "Indian Civil Rights Act",
            "Indian Claims Commission Act",
            "Indian Claims Limitations Act",
            "Indian Gaming Regulatory Act",
            "Indian Homesteading",
            "Indian Intercourse Act",
            "Indian Land Consolidation Act",
            "Indian Relocation Act",
            "Indian Removal Act",
            "Indian Reorganization Act",
            "Indian Self-Determination And Education Assistance Act",
            "Indian Vaccination Act",
            "Johnson–O'Malley Act",
            "Lacey Act",
            "Major Crimes Act",
            "McGirt v. Oklahoma", "McGirt vs. Oklahoma",
            "Menominee Restoration Act",
            "Meriam Report",
            "Mission Indian Act",
            "Native American Graves Protection and Repatriation Act",
            "Native American Housing Assistance and Self-Determination Act",
            "Native American Languages Act",
            "Nelson Act",
            "Oklahoma Enabling Act",
            "Oklahoma Indian Welfare Act",
            "Public Law 280",
            "Reconstruction Act",
            "Repatriation Act",
            "Standing Rock Reservation",
            "Tee-Hit-Ton Indians",
            "Termination Act",
            "Thomas-Rogers Act",
            "Title 25",
            "Tribal Law and Order Act",
            "Tribal Self-Governance Amendments",
            "Western Shoshone Claims Distribution Act",
            "White Mountain Apache Tribe Water Rights Quantification Act"
        ]
    }
}
