{
    "predefined_parties": {
        "Independence Party": [
            "independence party"
        ],
        "Alliance Party": [
            "alliance party"
        ],
        "American Independent Party": [
            "american independent party"
        ],
        "Christian Democratic Union": [
            "christian democratic union"
        ],
        "Christian Pro-Life Party": [
            "christian pro-life party"
        ],
        "Citizens Party": [
            "citizens party"
        ],
        "Communist Party": [
            "communist party"
        ],
        "Concerned Citizens Party": [
            "concerned citizens party"
        ],
        "Conservative": [
            "conservative"
        ],
        "Conservative Party": [
            "conservative party"
        ],
        "Constitution Party": [
            "constitution party"
        ],
        "Democratic": [
            "james jones",
            "james r. jones",
            "john f. kennedy",
            "jfk",
            "ted kennedy",
            "robert f. kennedy",
            "robert s. kerr",
            "clinton",
            "carter",
            "al gore",
            "glenn english",
            "helen gahagan douglas",
            "j. howard edmondson",
            "percy gassaway",
            "thomas gore",
            "fred harris",
            "josh lee",
            "dave mccurdy",
            "robert owen",
            "robert l. owen",
            "tom steed",
            "william stigler",
            "mike synar",
            "elmer thomas",
            "wickersham",
            "democratic party"
        ],
        "Democratic Socialists of America": [
            "democratic socialists of america"
        ],
        "Grassroots Party": [
            "grassroots party"
        ],
        "Green Party": [
            "green party"
        ],
        "Independent": [
            "independent"
        ],
        "Labor Party": [
            "labor party"
        ],
        "Liberal Party": [
            "liberal party"
        ],
        "Libertarian": [
            "libertarian"
        ],
        "National Socialist Movement": [
            "national socialist movement"
        ],
        "Natural Law": [
            "natural law"
        ],
        "Patriot Party": [
            "patriot party"
        ],
        "Peoples Party": [
            "peoples party"
        ],
        "Progressive": [
            "progressive"
        ],
        "Progressive Labor Party": [
            "progressive labor party"
        ],
        "Reform Party": [
            "reform party"
        ],
        "Republican": [
            "republican party",
            "ronald reagan",
            "reagan",
            "george bush",
            "bellmon",
            "socialist party",
            "united citizens party",
            "working families party",
            "bartlett",
            "happy camp",
            "mickey edwards",
            "istook",
            "steve largent",
            "j.c. watts",
            "jc watts",
            "dick armey"
        ],
        "Communist Party of the Soviet Union": [
            "Brezhnev",
            "Russian Communist Party",
            "Vladimir Lenin",
            "Stalin",
            "Khrushchev",
            "Gorbachev",
            "Chernenko"
        ],
        "League of Communists of Yugoslavia": [
            "Josip Tito",
            "Filipovic",
            "Markovic",
            "Doronjski",
            "Krunic"
        ],
        "Romanian Communist Party": [
            "Ceausescu"
        ]
    }
}