{
    "predefined_policies": {
        "Agriculture and Food": [
            "US Department of Agriculture",
            "USDA",
            "Food and Drug Administration"
        ],
        "Animals": [
            "endangered species",
            "animal welfare",
            "marine protection",
            "animal cargo",
            "Exotic Wildlife",
            "Animal Abuse",
            "Animal Rights"
        ],
        "Armed Forces and National Security": [
            "national security",
            "homeland security",
            "department of homeland security",
            "air patrol",
            "civil defense"
        ],
        "Arts, Culture, Religion": [
            "Archaeological",
            "Archaeology",
            "national endowment for the humanities",
            "libraries",
            "museum exhibit",
            "cultural center",
            "sound recording",
            "motion picture",
            "cultural property",
            "cultural resource",
            "cultural relations",
            "religious freedom",
            "separation of church and state"
        ],
        "Civil Rights and Liberties, Minority Issues": [
            "First Amendment",
            "civil rights",
            "civil disobedience",
            "due process",
            "abortion rights",
            "minority health",
            "equal rights",
            "segregation",
            "civil liberties",
            "equal protection",
            "fair housing",
            "Indian Bill of Rights",
            "National Indian Youth Council",
            "cruel and unusual punishment",
            "tribal sovereignty",
            "National Indian Education Association",
            "American Indian Religious Freedom Act",
            "Indian Appropriations",
            "Indian Gaming Regulatory Act",
            "Marshall Trilogy",
            "fourteenth amendment",
            "14th amendment",
            "treaty of fort laramie",
            "Oklahoma Enabling Act",
            "Indian Citizenship Act",
            "Nationality Act",
            "domestic dependent nations",
            "cultural assimilation",
            "colonization",
            "freedom of speech",
            "peyote",
            "equal education",
            "Indian schools",
            "Bureau of Indian Affairs",
            "voting rights",
            "voting age"
        ],
        "Commerce": [
            "business law",
            "business loans",
            "small business",
            "consumer protection",
            "manufacturing",
            "consumer affairs",
            "trade practices",
            "intellectual property",
            "imports and exports",
            "foreign trade",
            "finance policy",
            "tariff",
            "monopoly"
        ],
        "Congress": [
            "congressional committee",
            "congressional oversight",
            "Legislative Lobbying",
            "Policy Reform",
            "Policy Amendment",
            "Congressional Act",
            "Acts of Congress",
            "Legislative Measure",
            "Congressional Sponsor"
        ],
        "Crime and Law Enforcement": [
            "criminal offenses",
            "law enforcement",
            "domestic violence",
            "conviction",
            "Federal Bureau of Investigation",
            "FBI",
            "penal code",
            "crime rate",
            "recidivism",
            "drug policy",
            "criminal justice",
            "juvenile court",
            "gun control",
            "witness protection",
            "criminal justice oversight",
            "sentencing reform",
            "crime prevention"
        ],
        "Economics and Public Finance": [
            "budget appropriation",
            "public debt",
            "government lending",
            "government account",
            "monetary policy",
            "economic theory",
            "fiscal policy",
            "tax reform",
            "balanced budget",
            "budget deficit",
            "inflation",
            "housing finance",
            "gross domestic product",
            "economic development",
            "government bailout",
            "central bank",
            "global supply chain",
            "free market"
        ],
        "Education": [
            "sequoyah system",
            "global alphabet",
            "Job Training Partnership Act",
            "educational reform",
            "federal elementary and secondary education program",
            "Safe Schools Act",
            "Department of Education",
            "literacy",
            "illiteracy",
            "rural education initiative",
            "Native American Education Act",
            "Bureau of Indian Education",
            "Tribal colleges and universities",
            "Indian Education Act",
            "Indian Education Policy Review",
            "Native American Languages Act",
            "Indian Self-Determination and Education Assistance Act",
            "tribal education",
            "Johnson-OMalley Act",
            "Indian School Equalization Program",
            "education disparities",
            "Indigenous curriculum",
            "language preservation",
            "tribal schools",
            "ICWA",
            "Indian Child Welfare Act"
        ],
        "Emergency Management": [
            "Federal Emergency Management Agency",
            "FEMA",
            "disaster planning",
            "early warning system",
            "drought relief",
            "National Fire Academy",
            "flood insurance",
            "earthquake",
            "disaster mitigation",
            "disaster preparedness",
            "Tribal Homeland Security Grant Program",
            "Tribal Emergency Operations Centers",
            "Tribal Hazard Mitigation Plans",
            "tribal healthcare",
            "Community Emergency Response Teams",
            "CERT",
            "climate resilience"
        ],
        "Energy": [
            "green policies",
            "hydrogen",
            "wind power",
            "solar power",
            "tidal power",
            "renewable energy",
            "alternative fuels",
            "ethanol subsidies",
            "synthetic fuel",
            "oil",
            "Petroleum",
            "renewables",
            "nuclear energy",
            "energy strategy",
            "Department of Energy",
            "energy supply and conservation",
            "global energy",
            "long-range energy planning",
            "electricity",
            "coal",
            "conservation",
            "public utility",
            "Nuclear Regulatory Commission",
            "nuclear power",
            "power plant"
        ],
        "Environmental Protection": [
            "pollution",
            "Resources Protection Act",
            "radioactive materials",
            "climate change",
            "greenhouse gases",
            "solid waste management",
            "recycling",
            "energy policy",
            "Environmental Protection Agency",
            "Council on Environmental Quality",
            "Energy Research and Development Association",
            "Clean Air Act",
            "National Environmental Policy Act",
            "EPA regulations"
        ],
        "Families": [
            "adoption law",
            "child welfare",
            "family welfare",
            "welfare services",
            "domestic abuse",
            "child abuse",
            "social welfare",
            "family planning",
            "Roe v. Wade",
            "Planned Parenthood",
            "violence against children",
            "sexual exploitation",
            "teenage pregnancy",
            "teenage suicide",
            "elderly abuse"
        ],
        "Finance and Financial Sector": [
            "Federal Reserve",
            "Department of Commerce",
            "National Bureau of Standards",
            "federal regulation",
            "Interstate Commerce Act",
            "savings and loan associations",
            "federal savings and loan associations",
            "Truth-in-Lending Act",
            "Securities Exchange Commission",
            "Commodity Futures Trading Commission",
            "Securities Exchange Act",
            "Public Utility Holding Company Act",
            "credit control act"
        ],
        "Foreign Trade and International Finance": [
            "global politics",
            "allies",
            "emergency food assistance",
            "Peace Corps",
            "Foreign Assistance Act",
            "foreign assistance",
            "foreign loans",
            "international monetary system",
            "international banking",
            "trade agreements",
            "customs enforcement",
            "foreign investment"
        ],
        "Government Operations and Politics": [
            "elections",
            "voting regulations",
            "campaign funding",
            "political action committees",
            "government jobs",
            "public servants",
            "bureaucracy",
            "Postal Service",
            "presidential administration",
            "political campaigns",
            "civil service",
            "Freedom of Information Act",
            "FOIA",
            "presidential appointments",
            "whistleblowers",
            "Federal Register",
            "political parties",
            "opinion polls",
            "regulatory agencies",
            "election laws"
        ],
        "Health": [
            "health care",
            "disease prevention",
            "health services administration",
            "healthcare funding",
            "Medicare",
            "Medicaid",
            "health facilities",
            "medical research",
            "healthcare access",
            "healthcare quality",
            "public health",
            "healthcare disparities",
            "patient care",
            "health policy",
            "healthcare reform",
            "healthcare delivery",
            "healthcare costs",
            "healthcare regulation",
            "tribal health system",
            "Indian Self-Determination and Education Assistance Act",
            "behavioral health",
            "mental health",
            "tribal clinic",
            "tribal hospital",
            "Indian Health Service",
            "Indian hospitals",
            "Indian doctors",
            "reservation clinics",
            "American Lung Association"
        ],
        "Housing and Community Development": [
            "Native American housing",
            "American Indian homeownership",
            "Tribal housing",
            "Indian Housing Block Grant",
            "tribal lands",
            "rural housing",
            "Self-Determination Act",
            "NAHASDA",
            "housing sovereignty",
            "housing discrimination",
            "homeownership",
            "fair housing",
            "housing infrastructure",
            "housing conditions",
            "affordable housing",
            "homelessness",
            "housing industry",
            "foreclosure",
            "home equity",
            "housing market",
            "house insurance",
            "home insurance",
            "affordable housing",
            "home appraisal"
        ],
        "Immigration": [
            "naturalization",
            "citizenship",
            "immigrants",
            "refugees",
            "political asylum",
            "Citizenship and Immigration Services"
        ],
        "International Affairs": [
            "civil war",
            "foreign aid",
            "human rights",
            "international law",
            "national governance",
            "arms control",
            "trade agreements",
            "foreign investment",
            "foreign loans",
            "foreign trade",
            "international finance",
            "global politics",
            "allies",
            "emergency food assistance",
            "Peace Corps",
            "foreign assistance",
            "house delegation",
            "soviet union",
            "ussr",
            "Brezhnev",
            "Ceaușescu",
            "Josip Tito",
            "Yugoslavia",
            "Congressional Delegation",
            "Delegation for International Affairs",
            "foreign relations"
        ],
        "Labor and Employment": [
            "retirement age",
            "age discrimination",
            "ageism",
            "early retirement",
            "elderly discrimination",
            "mandatory retirement",
            "employment equality",
            "Older Workers Benefit Protection Act",
            "pension plan",
            "pension plan protection",
            "Pension Benefit Guaranty Corporation",
            "employee leave sharing",
            "unemployment compensation",
            "federal employee benefits",
            "social security",
            "joblessness",
            "employment rate",
            "low wages",
            "unemployment",
            "unionizing",
            "labor union"
        ],
        "Native Americans": [
            "Oklahoma Enabling Act",
            "Indian Homesteading",
            "Mcgirt",
            "Five Civilized Tribes",
            "reparations",
            "Indian Removal",
            "Indian Claims Commission Act",
            "Indian Claims Commission",
            "Tee-Hit-Ton Indians",
            "Creek Nation v. United States",
            "General Allotment Act",
            "tribal sovereignty",
            "Indian affairs",
            "Bureau of Indian Affairs",
            "tribal advisory",
            "Indian Civil Rights Act",
            "global alphabet",
            "Clean Water Act",
            "Clean Air Act",
            "Indian Child Welfare Act",
            "Standing Rock Reservation",
            "Thomas-Rogers Act",
            "Treaty of Hopewell",
            "Treaty of Fort Wayne",
            "Indian Removal Act",
            "Fort Laramie Treaty",
            "Treaty of Fort Laramie",
            "Dawes Act",
            "Reconstruction Act",
            "Forced Relocation",
            "Self-Determination and Education Assistance Act",
            "Termination Act",
            "Johnson-OMalley Act",
            "Indian Land Consolidation Act",
            "Indian Reorganization Act",
            "Indian Citizenship Act",
            "Americans for Indian Opportunity",
            "Native American Graves Protection",
            "Repatriation Act",
            "Insular Affairs"
        ],
        "Public Lands and Natural Resources": [
            "leasing of federal lands",
            "federal land",
            "wilderness",
            "water rights",
            "mineral rights",
            "public land",
            "zoning",
            "city boundaries",
            "local statutes",
            "local ordinances",
            "parks and recreation",
            "landmarks",
            "historic land",
            "historic building",
            "land rights",
            "treaties",
            "Indian Claims Commission Act",
            "Indian Claims Commission",
            "Tee-Hit-Ton Indians",
            "Creek Nation v. United States",
            "General Allotment Act",
            "state park",
            "public park",
            "Farmland Protection",
            "Land Trust",
            "Mineral Rights",
            "Mining Regulation",
            "Recreation Permit",
            "Land Development",
            "Urban Planning",
            "national park",
            "state park",
            "city park",
            "Wildlife Habitat"
        ],
        "Science, Technology, Communications": [
            "software",
            "natural science",
            "space exploration",
            "research policy",
            "research funding",
            "Science, Technology, Engineering, and Mathematics",
            "STEM",
            "telecommunication",
            "information technology",
            "journalists",
            "journalism",
            "NASA",
            "National Aeronautics and Space Administration",
            "space program",
            "National Advisory Committee for Aeronautics"
        ],
        "Social Sciences and History": [
            "social policy",
            "archaeological research",
            "historic sites",
            "civil rights movements",
            "historical sites",
            "historical buildings",
            "census",
            "cultural heritage",
            "social science research",
            "public history",
            "history education",
            "minority studies",
            "historical preservation",
            "minority education"
        ],
        "Social Welfare": [
            "welfare reform",
            "social deprivation",
            "social programs",
            "welfare state",
            "public assistance",
            "social security",
            "federal aid",
            "social insurance",
            "retirement benefits",
            "Social Security Administration",
            "government aid"
        ],
        "Sports and Recreation": [
            "Bureau of Outdoor Recreation",
            "youth recreation",
            "amateur athletics",
            "sports",
            "gaming",
            "stadium",
            "outdoor activities",
            "professional athletics",
            "professional sports",
            "sports license",
            "professional sport",
            "amateur sport"
        ],
        "Taxation": [
            "tax exemption",
            "tax-exempt",
            "tax break",
            "Internal Revenue Service",
            "IRS",
            "state taxes",
            "tax code",
            "state regulations",
            "state tax",
            "tax bracket",
            "tax deduction",
            "income tax",
            "Sovereign Tax",
            "tax collection"
        ],
        "Transportation and Public Works": [
            "AMTRAK",
            "light rail system",
            "rail transportation",
            "public bus",
            "public transportation",
            "National Highway Transportation Safety Administration",
            "highways",
            "highway safety",
            "traffic issue",
            "public transportation",
            "National Transportation Safety Board",
            "Federal Aviation Administration",
            "Civil Aeronautics Board",
            "Interstate Commerce Commission",
            "mass transit",
            "Department of Transportation",
            "Federal Highway Administration",
            "Federal Motor Carrier Safety Administration",
            "Federal Railroad Administration",
            "Federal Transit Administration",
            "National Highway Traffic Safety Administration",
            "National Railroad Passenger Corporation",
            "seatbelt",
            "seat belt",
            "road construction",
            "highway construction",
            "traffic light"
        ],
        "Water Resources Development": [
            "drinking water",
            "water pollution",
            "lead contamination",
            "water conservation",
            "Land and Water Conservation Fund",
            "soil conservation",
            "water rights",
            "water dam",
            "river dam",
            "water project",
            "Clean Water Act",
            "water resource",
            "safe drinking water",
            "Water supply",
            "wastewater",
            "flood control",
            "flood"
        ]
    }
}