{
    "subject_keyword_mapping": {
        "Abortion--Law and legislation--United States": [
            "pro-choice",
            "pro-life",
            "reproductive rights",
            "family planning",
            "roe v. wade",
            "planned parenthood",
            "heartbeat bill",
            "abortion",
            "sex education"
        ],
        "Advertising, Political--United States": [
            "campaign advertisement",
            "campaign commercial",
            "political media",
            "propaganda",
            "political campaign communication",
            "advertising",
            "television ad",
            "radio ad",
            "associated press",
            "press corp"
        ],
        "Aeronautics": [
            "aviation",
            "federal aviation administration",
            "air traffic control",
            "aerospace",
            "airplane pilot",
            "Airport Improvement Program",
            "National Airspace System",
            "Unmanned Aircraft Systems",
            "airspace",
            "Transportation Security Administration",
            "air travel",
            "skylab"
        ],
        "Aerospace engineering": [
            "rocket science",
            "satellite design",
            "spacecraft engineering",
            "aerodynamics",
            "jet propulsion"
        ],
        "African Americans": [
            "black american",
            "afro-american",
            "colored man",
            "civil rights",
            "black community",
            "colored woman",
            "black man",
            "black woman",
            "negro",
            "nigger"
        ],
        "Age Discrimination": [
            "retirement age",
            "age discrimination",
            "ageism",
            "early retirement",
            "elderly discrimination",
            "mandatory retirement",
            "employment equality",
            "older workers benefit protection act"
        ],
        "Age discrimination in employment": [
            "older workers",
            "workforce equality",
            "retirement age",
            "age discrimination in workplace"
        ],
        "Aging -- Social aspects": [
            "elder care",
            "aging population",
            "senior citizen",
            "retirement communities",
            "gerontology"
        ],
        "Agricultural laws and legislation--United States": [
            "farming regulations",
            "usda",
            "farm bill",
            "crop subsidies",
            "food safety",
            "agriculture and food act",
            "national agricultural bargaining board",
            "tobacco import",
            "tobacco export",
            "agricultural trade development",
            "farm",
            "farms",
            "farmers",
            "organic farm",
            "food and drug administration",
            "coffee export",
            "organic farming",
            "agricultural food act",
            "mexican produce"
        ],
        "Agricultural policy--United States": [
            "farmers",
            "rural development",
            "food production",
            "agribusiness"
        ],
        "Agricultural subsidies--United States": [
            "crop pricing",
            "farm subsidies",
            "market demand",
            "farm credit",
            "agricultural disaster relief",
            "farm loan and credit issues",
            "crop insurance programs",
            "federal milk supply",
            "wheat programs",
            "agricultural adjustment act",
            "wool act",
            "sugar act"
        ],
        "Ambassadors--United States": [
            "foreign relations",
            "embassy",
            "consulates",
            "international relations",
            "ambassador"
        ],
        "Armed conflict": [
            "war",
            "military engagement",
            "combat",
            "conflict zones"
        ],
        "Armed Forces--United States": [
            "us military",
            "army",
            "navy",
            "marines",
            "air force",
            "artillery"
        ],
        "Arms Control": [
            "disarmament",
            "nuclear weapons",
            "chemical weapons",
            "biological weapons",
            "strategic arms limitation talk",
            "strategic arms reduction treaty",
            "intermediate-range nuclear forces treaty",
            "chemical weapons convention",
            "missile technology control regime",
            "arms race",
            "cuban missile crisis",
            "ballistic missile"
        ],
        "Astronautics": [
            "space exploration",
            "space shuttle",
            "space capsule",
            "moon landing",
            "challenger space",
            "National Aeronautics and Space Administration",
            "skylab",
            "lunar gateway",
            "space program",
            "National Advisory Committee for Aeronautics",
            "NASA"
        ],
        "Atomic bomb": [
            "nuclear weapon",
            "atomic energy",
            "hiroshima",
            "manhattan project",
            "nuclear warfare"
        ],
        "Banking law": [
            "financial regulation",
            "bank compliance",
            "federal reserve",
            "securities act",
            "financial institution"
        ],
        "Banking reform": [
            "dodd-frank",
            "financial regulation",
            "banking oversight",
            "bank bailout",
            "fdic"
        ],
        "Bankruptcy": [
            "chapter 11",
            "debt relief",
            "bankruptcy court",
            "restructuring",
            "chapter 13",
            "municipal bankruptcy",
            "bankruptcy court",
            "bankruptcy code"
        ],
        "Banks and banking--United States": [
            "finance",
            "federal reserve",
            "department of commerce",
            "national bureau of standards",
            "federal regulation",
            "interstate commerce act",
            "federal deposit insurance corporation",
            "resolution trust corporation",
            "savings and loan crisis",
            "federal savings and loan insurance",
            "insolvent savings and loan association",
            "federal credit union act",
            "bank holding company act",
            "truth in lending act",
            "federal reserve board",
            "securities exchange commission",
            "commodity futures",
            "securities exchange act",
            "public utility holding company act",
            "credit control act"
        ],
        "Biography--Political aspects": [
            "memoirs",
            "political history",
            "personal narratives",
            "political biographies",
            "life stories",
            "life story",
            "memoir",
            "biography",
            "obituary"
        ],
        "Budget--United States": [
            "federal budget",
            "government spending",
            "deficit",
            "budget cut"
        ],
        "Business--United States": [
            "commerce",
            "corporations",
            "entrepreneurship",
            "small business",
            "supply chain"
        ],
        "Campaign management--United States": [
            "campaign donations",
            "campaign fund",
            "campaign fundraising",
            "political action committee",
            "Federal Election Commission",
            "Center for Responsive Politics",
            "consumer watchdog",
            "elections",
            "voters",
            "voting rights",
            "campaign finance",
            "campaign advertisement",
            "candidate debate"
        ],
        "Capital punishment": [
            "death penalty",
            "execution",
            "lethal injection",
            "criminal justice",
            "life sentence",
            "electric chair",
            "death sentence"
        ],
        "Child health services": [
            "pediatric care",
            "childhood vaccination",
            "school health service",
            "health screening",
            "nutrition program",
            "youth health",
            "infant care",
            "infant health"
        ],
        "Civil rights and socialism": [
            "civil liberties",
            "socialist movements",
            "equal rights",
            "freedom",
            "socialism",
            "social equity",
            "communal economics",
            "cooperatve economy",
            "colletive welfare",
            "civil liberty"
        ],
        "Civil rights--United States": [
            "civil rights",
            "civil liberties",
            "equal protection",
            "fair housing initiatives",
            "voting rights",
            "right to vote",
            "civil liberty",
            "human rights",
            "equal rights",
            "equal opportunity",
            "gay rights",
            "13th amendment",
            "14th amendment",
            "black code",
            "social justice",
            "15th amendment"
        ],
        "Civil rights--United States--Cases": [
            "landmark case",
            "court rulings",
            "civil rights litigation",
            "brown v. board",
            "civil rights act",
            "civil liberties",
            "discrimination lawsuit",
            "equal protection clause",
            "segregation",
            "voting rights act",
            "affirmative action",
            "freedom of speech",
            "title IX",
            "loving v. virginia",
            "desegregation",
            "mclaurin v. oklahoma",
            "sipuel v. board",
            "mcgirt",
            "ex parte joins",
            "grisso v. united states",
            "brown vs board",
            "loving vs virginia",
            "mclaurin vs oklahoma",
            "indian child welfare act",
            "zimmerman v. board",
            "zimmerman vs board",
            "voter suppression",
            "tulsa race riot",
            "greenwood race"
        ],
        "Civil rights--United States--History": [
            "civil rights movement",
            "segregation",
            "jim crow",
            "martin luther king",
            "civil rights era",
            "sit-ins",
            "native american rights",
            "american indian movement",
            "clara luper",
            "equal rights amendment",
            "women's rights",
            "wilma mankiller",
            "ladonna harris"
        ],
        "Civil Defense": [
            "civil reserve air fleet",
            "federal civil defense act",
            "nuclear warfare",
            "civil defense air raid shelter program",
            "civil air patrol",
            "department of homeland security",
            "domestic terrorism prevention",
            "air raid siren",
            "fallout shelter"
        ],
        "Civil service--United States": [
            "government jobs",
            "public sector",
            "federal employment",
            "civil servants"
        ],
        "Climatology--United States": [
            "weather pattern",
            "climate change",
            "meteorology",
            "environmental science",
            "global warming",
            "weather",
            "climate"
        ],
        "Commerce": [
            "international trade",
            "commerce regulation",
            "economic policy"
        ],
        "Communication--Political aspects": [
            "political media",
            "public communication",
            "political speeches",
            "political messaging",
            "propaganda",
            "political speech",
            "congressional speech",
            "presidential speech"
        ],
        "Community health services--United States": [
            "public health",
            "community clinics",
            "affordable care",
            "disease prevention",
            "mental health services",
            "indian health service",
            "tribal health",
            "substance abuse treatment",
            "vaccination",
            "federal health assistance",
            "healthy equity",
            "oklahoma department of health",
            "community outreach"
        ],
        "Community mental health services": [
            "mental health clinic",
            "outpatient service",
            "counseling",
            "psychiatric care",
            "therapy",
            "behavioral health",
            "recovery program",
            "suicide prevention"
        ],
        "Constituents' communication with members of the U.S. Congress": [
            "letter to congress",
            "constituent service",
            "public opinion",
            "petition",
            "letter to",
            "letter from",
            "received from",
            "constituent correspondence"
        ],
        "Correspondence files--Management--Congresses": [
            "file management",
            "records retention",
            "document archiving",
            "government correspondence"
        ],
        "Courts--United States": [
            "supreme court",
            "judiciary",
            "federal court",
            "court ruling",
            "legal system",
            "legal case"
        ],
        "Crime--United States": [
            "criminal offense",
            "law enforcement",
            "criminal justice",
            "domestic violence",
            "murder",
            "larceny",
            "federal bureau of investigation",
            "FBI",
            "penal code",
            "crime rate",
            "recidivism",
            "forensic",
            "dna evidence",
            "violent crime"
        ],
        "Cultural assimilation--United States--History": [
            "melting pot",
            "immigrant integration",
            "americanization",
            "multiculturalism",
            "assimilation policies"
        ],
        "Cultural heritage--Protection--United States": [
            "heritage conservation",
            "historic preservation",
            "cultural site",
            "national monument",
            "museum collection"
        ],
        "Cultural property--Protection--United States": [
            "artifact preservation",
            "intangible heritage",
            "cultural site",
            "heritage law",
            "patrimony"
        ],
        "Death penalty": [
            "capital punishment",
            "legal justice",
            "criminal punishment",
            "death row"
        ],
        "Death row inmates": [
            "capital offenders",
            "prisoners",
            "death penalty",
            "criminal justice"
        ],
        "Economic Development--United States": [
            "economic growth",
            "infrastructure project",
            "business development",
            "job creation",
            "urban renewal"
        ],
        "Economics and Public Finance": [
            "public expenditure",
            "macroeconomics",
            "fiscal policy",
            "government debt"
        ],
        "Educational policy--United States": [
            "education reform",
            "school funding",
            "curriculum standards",
            "teacher evaluation",
            "student performance",
            "standardized testing",
            "Brown v. Board",
            "Common Core Standards",
            "Desegregation policy",
            "Higher Education Act"
        ],
        "Education--United States": [
            "school",
            "universities",
            "k-12 education",
            "college admissions",
            "vocational education",
            "vocational school",
            "illiteracy",
            "literacy",
            "university",
            "education",
            "trade school",
            "charter school",
            "indian school",
            "higher education",
            "student loan"
        ],
        "Election laws": [
            "voting regulation",
            "election procedure",
            "campaign finance law",
            "voter ID law",
            "gerrymandering"
        ],
        "Electric power production": [
            "tennessee valley authority",
            "bonneville power administration",
            "electric power plant",
            "hydroelectric power",
            "utility payment reform",
            "federal energy regulatory commission",
            "ferc",
            "rural electrification",
            "electric cooperative",
            "bpa electric power",
            "electric utility rate reform",
            "smart grid",
            "power plant",
            "electric utilities",
            "power supply",
            "federal power commission",
            "atomic energy",
            "hydroelectric",
            "puplic utilities",
            "coal-fired power",
            "high voltage"
        ],
        "Emergency Management": [
            "disaster response",
            "fema",
            "crisis management",
            "emergency services",
            "evacuations",
            "emergency management",
            "disaster planning",
            "early warning system",
            "flood insurance",
            "disaster mitigation"
        ],
        "Employee fringe benefits": [
            "health insurance",
            "pension plan",
            "retirement benefit",
            "sick leave",
            "vacation days",
            "unemployment compensation",
            "employee benefits"
        ],
        "Employment & social affairs": [
            "labor market",
            "job opportunities",
            "workplace policy",
            "unemployment",
            "social welfare"
        ],
        "Endangered species": [
            "wildlife conservation",
            "habitat protection",
            "species preservation",
            "environmental law",
            "animal protection",
            "environmental protection",
            "animal welfare",
            "animal rights"
        ],
        "Energy policy--United States": [
            "renewable energy",
            "oil and gas",
            "nuclear power",
            "energy conservation",
            "electric grid",
            "wind power",
            "solar power",
            "nuclear regulatory",
            "alternative fuel",
            "energy advisory",
            "fossil fuel",
            "power supply",
            "power grid"
        ],
        "Environmental Protection": [
            "drain water",
            "dust control",
            "environmental protection agency",
            "council on environmental quality",
            "energy research and development association",
            "erda",
            "clean air",
            "national environmental policy act",
            "epa regulations",
            "environmental crime",
            "pollution management",
            "new energy act",
            "pollution control",
            "Resources Protection Act",
            "natural resources",
            "environmental protection",
            "clean water",
            "toxic substance",
            "air quality",
            "water quality",
            "air pollution",
            "Emissions test",
            "Floodwater",
            "floodplain",
            "gray water",
            "Hazardous Waste",
            "Injection Well",
            "Landfill",
            "Hazardous Air",
            "Noxious Gas",
            "Ozone Layer",
            "radioactive",
            "sewage treatment",
            "Superfund",
            "Wastewater",
            "Wetlands",
            "Waterborne Waste"
        ],
        "Farm legislation--United States": [
            "farm bill",
            "agricultural subsidies",
            "crop insurance",
            "farming regulations",
            "usda"
        ],
        "Federal Indian policy--Education": [
            "tribal education",
            "indian schools",
            "native american students",
            "federal assistance",
            "indian affairs"
        ],
        "Flood control--United States": [
            "levees",
            "dams",
            "water management",
            "flood insurance",
            "disaster mitigation",
            "flood insurance",
            "flood barriers",
            "flood mitigation",
            "erosion",
            "watershed",
            "levee",
            "flood control",
            "flood disaster",
            "flood"
        ],
        "Food--Safety measures": [
            "animal drug residues",
            "consumer seafood safety",
            "food labeling requirements",
            "grain inspection services",
            "pesticide residues on fruit",
            "food irradiation control act",
            "meat grading standards",
            "railroad food storage",
            "food packaging",
            "federal seed act"
        ],
        "Foreign trade regulation--Congresses": [
            "tariffs",
            "trade barriers",
            "world trade organization"
        ],
        "Foreign relations": [
            "international war",
            "world war",
            "global politics",
            "allies",
            "peace corps",
            "foreign assistance act",
            "foreign assistance",
            "foreign relations"
        ],
        "Freedom of speech -- United States": [
            "freedom of speech",
            "freedom of assembly",
            "freedom of religion",
            "freedom of the press",
            "school prayer",
            "censorship",
            "free press",
            "protest speech",
            "protest",
            "banned books",
            "dennis v. united states",
            "bradenburg v. ohio",
            "new york times co. v. sullivan",
            "tinker v. des moines",
            "cohen v. california",
            "texas v. johnson",
            "hazlewood school district"
        ],
        "Gender identity--Social aspects": [
            "gay",
            "homosexual",
            "sexual identity",
            "sexual orientation",
            "social security inequities",
            "female salary inequities",
            "sex discrimination regulations",
            "same sex marriage",
            "transgender rights",
            "transgender",
            "lgbt",
            "lgbtq",
            "transexual"
        ],
        "Geriatric health services": [
            "elderly care",
            "nursing home",
            "geriatric medicine",
            "senior health",
            "assisted living"
        ],
        "Government correspondence": [
            "official communication",
            "government documents",
            "email archives",
            "public records",
            "Diplomatic cables",
            "Legislative correspondence",
            "Executive order",
            "Classified communication",
            "Interagency communication",
            "Freedom of Information Act",
            "Government memo"
        ],
        "Gun Control": [
            "Automatic weapon",
            "Semiautomatic weapon",
            "second amendment",
            "national rifle association",
            "gun safety",
            "Gun Control Act",
            "Title II",
            "Firearm Owners Protection Act",
            "Assault weapon"
        ],
        "Health": [
            "public health",
            "wellness",
            "disease prevention",
            "mental health",
            "healthcare systems"
        ],
        "Health care for the aging": [
            "medicare",
            "elder care",
            "geriatrics",
            "home healthcare",
            "retirement communities"
        ],
        "Health Care for the Homeless Program (U.S.)": [
            "homeless healthcare",
            "medical outreach",
            "social services",
            "community health clinics",
            "healthcare access",
            "Federally Qualified Health Centers",
            "Homelessness prevention",
            "Emergency shelter"
        ],
        "Health education": [
            "public health campaign",
            "school health program",
            "sex education",
            "nutrition education",
            "disease prevention"
        ],
        "Health insurance--Law and legislation--United States": [
            "optometry",
            "dental insurance",
            "cancer treatment",
            "medicare",
            "medicaid",
            "insurance premium",
            "private health insurance",
            "medicare supplemental insurance",
            "tax-free medical savings accounts",
            "vision insurance",
            "vision coverage",
            "dental coverage"
        ],
        "Higher education--United States": [
            "universities",
            "college",
            "graduate programs",
            "student loans",
            "college admissions",
            "university"
        ],
        "Homelessness": [
            "homeless shelter",
            "housing insecurity",
            "public assistance",
            "poverty",
            "unhoused"
        ],
        "Housing--Law and legislation": [
            "section 8",
            "united states department of housing and urban development",
            "housing authority",
            "habitat for humanity",
            "home owners association",
            "city council",
            "section eight"
        ],
        "Humanities": [
            "cultural studies",
            "social sciences",
            "national education association",
            "national endowment for the humanities",
            "national endowment for local arts",
            "public broadcasting"
        ],
        "Immigrants--Legal status, laws, etc.": [
            "immigrant",
            "political asylum",
            "Citizenship and Immigration Services",
            "immigration",
            "migrant work",
            "naturalization",
            "alien",
            "border control",
            "asylum",
            "refugee",
            "border patrol",
            "diaspora",
            "ethnic enclave"
        ],
        "Income tax": [
            "tax bracket",
            "tax return",
            "irs",
            "income tax credit",
            "federal income tax"
        ],
        "Indians of North America--Civil rights": [
            "tribal sovereignty",
            "native american rights",
            "land claim",
            "self-determination",
            "tribal governance"
        ],
        "Indians of North America--Claims": [
            "land rights",
            "treaties",
            "land dispute",
            "Indian Claims Commission Act",
            "Indian Claims Commission",
            "Tee-Hit-Ton Indians",
            "Creek Nation v. United States",
            "General Allotment Act",
            "Indian Civil Rights Act",
            "Oklahoma Enabling Act",
            "Indian Homesteading",
            "Mcgirt",
            "Five Civilized Tribes",
            "Indian Removal",
            "tribal sovereignty",
            "Indian affairs",
            "Bureau of Indian Affairs",
            "tribal advisory",
            "Clean Water Act",
            "Clean Air Act",
            "Indian Child Welfare Act",
            "Standing Rock Reservation",
            "Thomas-Rogers Act",
            "Treaty of Hopewell",
            "Treaty of Fort Wayne",
            "Indian Removal Act",
            "Fort Laramie Treaty",
            "Treaty of Fort Laramie",
            "Dawes Act",
            "Reconstruction Act",
            "Forced Relocation",
            "Self-Determination and Education Assistance Act",
            "Termination Act",
            "Indian Civil Rights Act",
            "Johnson OMalley Act",
            "Indian Land Consolidation Act",
            "Indian Reorganization Act",
            "Indian Citizenship Act",
            "Americans for Indian Opportunity",
            "Native American Graves Protection",
            "Repatriation Act",
            "Bureau of indian affairs",
            "land rights"
        ],
        "Indians of North America--Health": [
            "indian health service",
            "tribal healthcare",
            "public health",
            "native american health",
            "tribal health",
            "native health"
        ],
        "Indians of North American--Education": [
            "tribal education",
            "native american schools",
            "federal indian education",
            "tribal colleges",
            "education grants",
            "indian school"
        ],
        "Indians of North America--Oklahoma": [
            "tribe",
            "tribal",
            "american indian",
            "native american",
            "principal chief",
            "five civilized tribes",
            "indians",
            "five tribes",
            "5 tribes",
            "indian reservation",
            "tribal reservation",
            "reservation land",
            "recognized tribe",
            "intertribal",
            "insular affairs",
            "indian reservation"
        ],
        "Indians of North America--Politics and government": [
            "tribal council",
            "federal recognition",
            "tribal sovereignty",
            "self-governance",
            "treaty rights",
            "bureau of indian affairs",
            "indian civil rights",
            "dawes act",
            "tribal court",
            "termination policy",
            "indian reorganization",
            "self-determination",
            "tribal govenment",
            "treaty rights",
            "indian child welfare act",
            "indian gaming",
            "indian education",
            "tribal jurisdiction"
        ],
        "Indians of North America--Religion": [
            "native spirituality",
            "sacred site",
            "oral tradition",
            "spiritual practices",
            "sun dance",
            "ghost dance",
            "sweat lodge",
            "powwow",
            "pipe ceremony",
            "medicine wheel",
            "medicine bag",
            "religious freedom for native americans",
            "american indianreligious freedom",
            "repatriation of sacred",
            "religious soverignty",
            "syncretism"
        ],
        "Indians of North America--Sovereignty": [
            "self-governance",
            "tribal sovereignty",
            "federal recognition",
            "land claim",
            "treaty rights",
            "sovereign immunity",
            "self-determination",
            "indian civil rights",
            "tribal constitution",
            "public law 280",
            "bureau of indian affairs",
            "Ex parte Young",
            "american indian movement",
            "trail of broken treaties",
            "red power movement",
            "indigenous rights",
            "state-tribal compact",
            "land trust"
        ],
        "Indians of North America--Treaties": [
            "treaty rights",
            "land cessions",
            "federal recognition",
            "tribal agreements",
            "treaty violations",
            "Treaty of Fort Laramie",
            "Treaty of Greenville",
            "Treaty of Medicine Lodge",
            "Doctrine of Discovery",
            "Treaty ratification",
            "Indian Reorganization Act",
            "Indian Self-Determination"
        ],
        "Indians of North America--Tribal citizenship": [
            "tribal enrollment",
            "blood quantum",
            "citizenship requirements",
            "tribal rolls",
            "federal recognition",
            "dawes rolls",
            "tribal roll",
            "tribal ID",
            "Tribal identification",
            "tribal citizenship",
            "indian Citizenship Act",
            "Blood quantum",
            "Allotment rolls",
            "indian claims commission",
            "cherokee nation v. nash",
            "Cahto Tribe Disenrollment",
            "auburn indian community",
            "nooksack"
        ],
        "Indians of North America--United States": [
            "native americans",
            "tribal nations",
            "treaty rights",
            "self-determination"
        ],
        "Inflation (Finance)": [
            "price increases",
            "cost of living",
            "economic policy",
            "interest rates",
            "federal reserve"
        ],
        "Labor laws and legislation": [
            "employment law",
            "minimum wage",
            "labor unions",
            "workers' rights",
            "overtime pay",
            "fair labor standard",
            "labor contract",
            "wage law",
            "equal pay",
            "pay equity",
            "workplace safety",
            "employer liability",
            "protective equipment",
            "right to work",
            "discrimination law",
            "equal opportunity",
            "wrongful termination",
            "sick leave",
            "sexual harrassment",
            "age discrimination",
            "child labor",
            "americans with disabilities act"
        ],
        "Labor movement--United States": [
            "union organizing",
            "collective bargaining",
            "labor strike",
            "workers' rights",
            "labor union"
        ],
        "Labor Unions--Organization": [
            "union structure",
            "collective bargaining",
            "membership",
            "workers' rights",
            "union leadership"
        ],
        "Labor Unions--United States": [
            "afl-cio",
            "teamster",
            "service employees international union",
            "labor movement",
            "workers' rights"
        ],
        "Land use--Law and legislation--United States": [
            "zoning law",
            "property rights",
            "eminent domain",
            "urban planning",
            "development"
        ],
        "Land use--Planning": [
            "zoning",
            "development",
            "city boundaries",
            "local statute",
            "local ordinance",
            "museum",
            "public park",
            "landmark",
            "historic land",
            "historic building",
            "zoning",
            "city boundaries",
            "historic site",
            "historical site",
            "local statute",
            "local ordinance",
            "museum",
            "public park",
            "landmark",
            "historic land",
            "historic building"
        ],
        "Magna Carta--Exhibitions": [
            "magna carta",
            "queen visit"
        ],
        "Mental health services": [
            "mental health clinics",
            "community services",
            "counseling",
            "therapy",
            "psychiatric care",
            "psychiatric services",
            "mental health facility",
            "behavioral health",
            "Electroconvulsive therapy",
            "Public mental health service",
            "Mental health policy"
        ],
        "Meteorology--United States": [
            "weather patterns",
            "climate science",
            "atmospheric research",
            "storm tracking",
            "weather forecasting",
            "tornado alley",
            "hailstorm",
            "wind shear",
            "cold front",
            "red river flood",
            "National Severe Storms Laboratory",
            "Oklahoma Climatological Survey",
            "School of Meteorology",
            "Oklahoma Mesonet",
            "Weather Bureau",
            "Storm tracking",
            "Weather balloon",
            "Severe weather",
            "Tornado detection",
            "Storm chaser",
            "Woodward Tornado",
            "tulsa flood"
        ],
        "Military education--Law and legislation": [
            "rotc",
            "reserve officers training corps",
            "west point",
            "the citadel",
            "GI bill",
            "G.I. Bill",
            "Servicemens Readjustment Act"
        ],
        "Military reserves--United States": [
            "national guard",
            "army reserves",
            "navy reserve",
            "military readiness",
            "air force reserve"
        ],
        "Military weapons": [
            "artillery",
            "ballistic missiles",
            "tanks",
            "military equipment",
            "fighter jet",
            "tinker air force",
            "vance air force",
            "chemical weapon",
            "artillery training"
        ],
        "Minimum wage": [
            "wage law",
            "living wage",
            "income inequality",
            "federal minimum wage",
            "wage increase"
        ],
        "Monetary policy--United States": [
            "federal reserve",
            "interest rates",
            "economic growth",
            "inflation control",
            "macroeconomics",
            "price stanilization",
            "price stability",
            "economic growth",
            "Federal Open Market Committee",
            "Federal Reserve Bank",
            "Short-term interest rate",
            "long-term interest rate",
            "mortgage rate",
            "Hyperinflation",
            "Consumer Price Index",
            "GDP deflator",
            "Gross Domestic Product",
            "Open market",
            "Stock market",
            "Treasury bond",
            "Debt monetization",
            "Bretton Woods system",
            "gold standard",
            "Volcker disinflation",
            "Greenspan era",
            "Globalization and monetary policy"
        ],
        "Money--United States": [
            "currency",
            "banking",
            "monetary policy",
            "financial markets",
            "treasury"
        ],
        "Money--United States--History": [
            "gold standard",
            "federal reserve history",
            "banking history",
            "us treasury",
            "economic history"
        ],
        "Nuclear warfare": [
            "atomic bomb",
            "deterrence",
            "nuclear arms race",
            "cold war",
            "mutual assured destruction",
            "nuclear",
            "Hydrogen bomb",
            "Minuteman missile",
            "Titan missile",
            "Trident missile",
            "Nuclear warhead",
            "Neutron bomb",
            "Manhattan Project",
            "Hiroshima",
            "Berlin Crisis",
            "Strategic Arms Limitation",
            "Counterforce strategy",
            "Nuclear test ban",
            "Radiation"
        ],
        "Older people—Health and hygiene": [
            "elder care",
            "geriatric medicine",
            "aging population",
            "senior health",
            "nursing homes"
        ],
        "Older people--Medical care--United States": [
            "medicare",
            "long-term care",
            "assisted living",
            "home healthcare",
            "senior health services",
            "older americans",
            "meals on wheels",
            "adult protective service",
            "memory cae",
            "alzheimer",
            "national institute on aging",
            "elderly care",
            "medicaid",
            "nursing home",
            "social security",
            "dementia",
            "hospice",
            "palliative",
            "aging population",
            "senior advocay",
            "pension plan"
        ],
        "People with disabilities—Civil rights": [
            "accessibility rights",
            "disability",
            "american with disabilities",
            "accessible transportation",
            "equal access",
            "rehabilitation act",
            "independent living",
            "social security disability",
            "wheelchair",
            "hearing aid",
            "prosthetic",
            "United Cerebral Palsy Association",
            "League of the Physically Handicapped",
            "Paralyzed Veterans of America",
            "American Federation of the Physically Handicapped",
            "National Association for Retarded Children"
        ],
        "Political campaigns--United States": [
            "election campaign",
            "campaign finance",
            "political ad",
            "voter outreach",
            "political strategy",
            "Federal Election Commission",
            "Political Action Committee",
            "Television ad",
            "Negative campaigning",
            "Attack ads",
            "Public service announcement",
            "Campaign commercial",
            "Canvassing",
            "Campaign management",
            "Political consultant",
            "Focus group",
            "Election law",
            "Citizens United v. FEC",
            "McCain-Feingold Act",
            "Early voting",
            "Voter suppression"
        ],
        "Political candidates--United States": [
            "election",
            "political office",
            "campaign",
            "candidate",
            "voter outreach"
        ],
        "Political conventions--United States": [
            "party platform",
            "delegate selection",
            "nomination process",
            "campaign event",
            "dnc",
            "rnc",
            "democratic national convention",
            "republican national convention",
            "democratic nomination",
            "republican nomination"
        ],
        "Political corruption": [
            "bribery",
            "fraud",
            "scandal",
            "abuse of power",
            "political malfeasance",
            "anti-corruption",
            "public integrity",
            "watergate",
            "impeach"
        ],
        "Political speeches--United States": [
            "public speaking",
            "campaign speech",
            "political rhetoric"
        ],
        "Postmasters general--United States": [
            "postal service",
            "usps",
            "mail delivery",
            "federal appointments",
            "postal reform"
        ],
        "Prescription drugs--United States": [
            "pharmaceuticals",
            "medication",
            "health insurance",
            "drug pricing",
            "prescription law",
            "depressant",
            "prescription"
        ],
        "Property tax": [
            "real estate tax",
            "property assessment",
            "tax reform",
            "local tax",
            "homeownership",
            "property tax",
            "property appraisal",
            "fair market value",
            "tax foreclosure",
            "tax assessor"
        ],
        "Public health--United States": [
            "healthcare access",
            "vaccination programs",
            "disease prevention",
            "public health campaigns",
            "community health"
        ],
        "Public housing": [
            "affordable housing",
            "section 8",
            "subsidized housing",
            "housing policy",
            "urban development"
        ],
        "Public welfare": [
            "social assistance",
            "food stamps",
            "welfare programs",
            "poverty alleviation",
            "government aid"
        ],
        "Public welfare administration": [
            "social services",
            "welfare policy",
            "government aid",
            "poverty programs",
            "administrative services"
        ],
        "Public welfare administration--Congresses": [
            "policy conferences",
            "social services discussions",
            "government aid seminars",
            "welfare administration meetings"
        ],
        "Public works--Finance": [
            "infrastructure funding",
            "public construction",
            "capital improvement",
            "government projects",
            "federal grants"
        ],
        "Public works--Law and legislation": [
            "infrastructure law",
            "public works regulation",
            "construction permits",
            "building codes",
            "zoning laws"
        ],
        "Public works--Management": [
            "project management",
            "infrastructure maintenance",
            "public works oversight",
            "government projects"
        ],
        "Public works--Planning": [
            "infrastructure planning",
            "urban development",
            "public construction",
            "city planning",
            "development"
        ],
        "Public works--United States": [
            "highway construction",
            "bridge building",
            "waterworks",
            "public buildings",
            "infrastructure projects"
        ],
        "Race discrimination": [
            "ku klux klan",
            "desegregation",
            "race based crime",
            "racial wealth gap",
            "racial profiling",
            "civil rights act",
            "civil rights movement",
            "jim crow",
            "segregation",
            "national association for the advancement of colored people",
            "anti-defamation league"
        ],
        "Reproductive health": [
            "birth control",
            "family planning",
            "prenatal care",
            "contraception",
            "fertility treatment",
            "fertility",
            "reproductive",
            "menstrual health",
            "postnatal",
            "contraceptives",
            "condom",
            "sterilization",
            "STD prevention",
            "Pelvic exam",
            "abortion",
            "infertility",
            "pregnancy"
        ],
        "Republican Party (U.S. : 1854- )": [
            "gop",
            "conservative",
            "republicans",
            "right-wing",
            "political party"
        ],
        "Retirement": [
            "social security",
            "pension plans",
            "401k",
            "retirement age",
            "elder care",
            "retirement",
            "medicare",
            "golden year",
            "senior living",
            "estate planning",
            "social security",
            "pension"
        ],
        "Sales tax--United States": [
            "tax policy",
            "sales tax",
            "consumer tax",
            "tax reform",
            "state tax",
            "retail sales tax",
            "excise tax",
            "fair tax",
            "marketplace fairness",
            "taxable goods",
            "taxable income"
        ],
        "Science": [
            "scientific research",
            "technology",
            "natural sciences",
            "innovation",
            "scientific advancement"
        ],
        "Science & technology in focus": [
            "technological development",
            "scientific research",
            "innovation",
            "emerging technologies",
            "engineering"
        ],
        "Sentences (Criminal procedure)—Capital punishment": [
            "death penalty",
            "criminal sentencing",
            "lethal injection",
            "life imprisonment",
            "execution"
        ],
        "Small business--Law and legislation": [
            "small business regulations",
            "entrepreneurship",
            "business law",
            "tax law",
            "corporate structure"
        ],
        "Small business--Management": [
            "entrepreneurship",
            "business development",
            "startup management",
            "small business operations",
            "leadership"
        ],
        "Social medicine": [
            "public health",
            "community health",
            "preventive medicine",
            "medical sociology",
            "healthcare access"
        ],
        "Space exploration": [
            "nasa",
            "astronomy",
            "space travel",
            "satellite mission",
            "human spaceflight",
            "gordon cooper",
            "mike monroney",
            "space travel",
            "apollo",
            "telstar",
            "landsat",
            "moon landing",
            "Monroney Act"
        ],
        "Space flight": [
            "nasa",
            "space missions",
            "astronauts",
            "space exploration",
            "satellites",
            "project mercury",
            "gemini",
            "apollo"
        ],
        "Space Shuttle Program (U.S.)": [
            "space shuttle",
            "nasa",
            "space exploration",
            "astronaut",
            "human spaceflight",
            "saturn V",
            "max faget",
            "space shuttle columbia",
            "challenger disaster",
            "shuttle chllenger",
            "rogers commission",
            "hubble space",
            "international space",
            "space shuttle discovery"
        ],
        "Speeches, Addresses, etc.": [
            "public speaking",
            "oratory",
            "political speech",
            "presentation",
            "lecture",
            "public speech"
        ],
        "Sterilization (Medical)": [
            "contraception",
            "family planning",
            "medical sterilization",
            "birth control",
            "vasectomy"
        ],
        "Sterilization laws and legislation": [
            "sterilization law",
            "contraception policy",
            "family planning regulation",
            "population control",
            "birth control",
            "eugenics",
            "oklahoma sterilization",
            "skinner v. Oklahoma",
            "jack t. skinner"
        ],
        "Student loans": [
            "college loan",
            "financial aid",
            "debt relief",
            "education funding",
            "loan forgiveness",
            "student loan",
            "scholarship",
            "work-study",
            "Pell Grant",
            "529 College Savings Plan"
        ],
        "Tax fraud": [
            "tax evasion",
            "illegal deductions",
            "tax shelter",
            "financial crime",
            "irs investigation",
            "unreported income",
            "offshore account",
            "shell company",
            "enron scandal"
        ],
        "Tax incentives": [
            "tax credit",
            "tax deduction",
            "business incentive",
            "tax relief",
            "economic development",
            "Nonrefundable tax credit",
            "Investment tax credit",
            "Low-Income Housing Tax Credit",
            "Tax increment financing",
            "Tax abatement",
            "Tax write-off",
            "Carbon tax incentive",
            "Tax deferral",
            "Tax amnesty"
        ],
        "Tax treaties": [
            "international tax",
            "double taxation",
            "tax policy",
            "Global tax regulation",
            "Foreign tax credit",
            "Mutual Agreement Procedure",
            "Tax haven",
            "Tax residency"
        ],
        "Tourism--Economic aspects": [
            "tourism industry",
            "economic impact",
            "tourism revenue",
            "hospitality",
            "travel",
            "route 66",
            "oklahoma tourism",
            "domestic travel",
            "oklahoma state park"
        ],
        "Tourism--Management": [
            "tourism development",
            "destination management",
            "hospitality industry",
            "travel industry",
            "tourism marketing"
        ],
        "Transportation": [
            "public transport",
            "public transportation",
            "national transportation safety board",
            "federal aviation administration",
            "civil aeronautics board",
            "interstate commerce commission",
            "mass transit",
            "department of transportation",
            "Federal Aviation Administration",
            "Federal Motor Carrier Safety Administration",
            "Federal Railroad Administration",
            "Federal Transit Administration",
            "National Highway Traffic Safety Administration",
            "rail car",
            "sleeper car",
            "railroad",
            "seat belt",
            "seatbelt",
            "busing",
            "department of transportation",
            "rail policy",
            "pacific railroad",
            "transcontinental railroad",
            "highway act"
        ],
        "Unemployment": [
            "joblessness",
            "employment rate",
            "job market",
            "workforce development",
            "wage gaps"
        ],
        "United States. Congress. House--Appropriations and expenditures": [
            "federal budget",
            "government spending",
            "appropriation",
            "budget deficit",
            "public expenditure",
            "fiscal policy",
            "treasury",
            "gross domestic"
        ],
        "United States. Congress--Constituent communication": [
            "letters to congress",
            "constituent services",
            "feedback",
            "public opinion",
            "petitions",
            "constituent correspondence"
        ],
        "United States. Congress--Directories": [
            "government directories",
            "congress member",
            "senators",
            "house representatives",
            "elected officials"
        ],
        "United States. Congress--Elections": [
            "election campaign",
            "congressional election",
            "voting",
            "gerrymandering",
            "voter turnout"
        ],
        "United States. National Aeronautics and Space Administration": [
            "nasa",
            "space exploration",
            "space satellites",
            "human spaceflight",
            "space missions",
            "space shuttle"
        ],
        "Veterans Administration--United States": [
            "veteran services",
            "healthcare for veterans",
            "veteran' benefits",
            "military service",
            "war veterans",
            "military retirees",
            "va benefits",
            "veteran rights",
            "military service recognition",
            "federal regulations",
            "va hospital",
            "veterans hospital",
            "military benefits"
        ],
        "Veterans--Medical care--United States": [
            "va hospitals",
            "healthcare for veterans",
            "military healthcare",
            "va benefits",
            "healthcare for veterans",
            "veterans' pension"
        ],
        "Veterans--Social conditions--United States": [
            "veterans' affairs",
            "social services for veterans",
            "housing for veterans",
            "military retirement",
            "veterans' benefits"
        ],
        "Voter registration": [
            "voting",
            "election",
            "voter id",
            "voter suppression",
            "election laws"
        ],
        "Voting rights": [
            "suffrage",
            "voter protection",
            "voting law",
            "voter disenfranchisement",
            "voting rights"
        ],
        "Voting--United States": [
            "elections",
            "voter turnout",
            "ballots",
            "voter registration",
            "polling stations"
        ],
        "Wage-price policy": [
            "minimum wage",
            "price control",
            "living wage",
            "inflation",
            "economic policy"
        ],
        "War--Causes": [
            "conflict",
            "warfare",
            "geopolitical disputes"
        ],
        "War--Economic aspects": [
            "war economy",
            "military spending",
            "defense budget",
            "economic impact of war",
            "wartime production"
        ],
        "War--Pyschological aspects": [
            "combat trauma",
            "veteran mental health",
            "psychological impact of war",
            "military stress"
        ],
        "Wars": [
            "military conflict",
            "global conflicts",
            "world war",
            "civil war",
            "military engagement"
        ],
        "War--Social Aspects": [
            "societal impact of war",
            "civilian casualties",
            "war and society",
            "post-war recovery"
        ],
        "Watergate Affair, 1972-1974--Public opinion": [
            "public opinion",
            "political scandal",
            "nixon resignation",
            "impeachment",
            "public perception",
            "nixon tapes"
        ],
        "Wetland conservation--United States": [
            "environmental protection",
            "wetlands",
            "wildlife conservation",
            "habitat protection",
            "wetland restoration"
        ],
        "Women’s health": [
            "reproductive health",
            "women's wellness",
            "prenatal care",
            "women's healthcare",
            "women's health",
            "fertility care",
            "contraception",
            "cervial cancer",
            "sexual health",
            "Mammogram",
            "Polycystic ovary",
            "Endometriosis",
            "breast exam"
        ],
        "Youth": [
            "teenager",
            "adolescent",
            "youth organization",
            "youth development",
            "young adult"
        ],
        "Youth—Health and hygiene": [
            "teen health",
            "adolescent health",
            "youth wellness",
            "mental health",
            "health education"
        ]
    }
}