{
    "predifined_tribes" : ["Absentee-Shawnee", "Apache", "Caddo", "Cayuga", "Cherokee", "Cheyenne", "Chickasaw", "Choctaw", "Comanche", 
        "Creek","Deleware","Iowa","Kaw","Keetoowah", "Kickapoo", "Kiowa", "Lenape","Miami","Modoc", "Muscogee","Odawa",
        "Osage","Otoe","Ottawa","Pawnee", "Ponca", "Potawatomi", "Mescalero Apache", 
        "Potowatomie", "Quapaw", "Sac and Fox", "Sauk", "Seminole", 
        "Shawnee", "Tonkawa", "Wichita", "Wyandot", "Wyandotte", "Chippewa", "Chilocco", "Navajo", "Hopi", "Menominee"],
    "tribal_leaders_mapping": {
    "Seminole Indians": ["Coeehajo", "George Harjo", "Floyd Harjo", "Richmond Tiger", "Leonard Harjo", "Lewis Johnson", "Lewis J. Johnson", "Alice Brown", "Alice brown davis",
        "Chili Fish", "Chief Fish", "George Jones", "Chief George Jones", "Willie Haney", "Chief Haney", "Jeffie Brown", "Marci Cully", "Chief Cully", "Phillip Walker", "Chief walker",
        "John A. Brown", "Terry Walker", "Chief Harjo", "Edwin Tanyan", "Chief Tanyan", "Tom Palmer", "James Milam", "Jerry Haney", "Kenneth Chambers", "Emarthale", "Enoch Kelly Haney",
        "Leonard M. Harjo"],
    "Cherokee Indians": ["W.W. Keeler", "Bill Keeler", "William Keeler", "Ross Swimmer", "Ross O. Swimmer", 
        "Wilma Mankiller", "William Hicks", "John Ross", "Big Tiger", "Pathkiller", 
        "John Jolly", "Nimrod Smith", "Sampson Owl", "John Tahquette", "Jarret Blythe", 
        "Robert Youngdeer", "Frank Boudinot", "W.W. Keeler", "WW Keeler", "JB Milan", 
        "J.B. Milan", "Chuck Hoskin", "James Gordon", "James L. Gordon"],
    "Choctaw Nation":["Harry J.W. Belvin", "Hollis E. Roberts", "Joseph Kincaid", "Peter Folsom", "Green McCurtain", 
        "William F. Semple", "William Semple", "William A. Durant", "Harry Belvin", "Gary Batton", 
        "Hollis Roberts", "David Burrage", "Richard Branam", "Pierre Juzan", "Isaac Folsom", 
        "Thomas Leflore", "Nathaniel Folsom", "Silas Fisher", "George Harkins", "George W. Harkins", 
        "Cornelius Mccurtain", "George Folsom", "David Mccoy", "Nicholas Cochnauer", "Alfred Wade", 
        "Tandy Walker", "Basil Leflore", "George Hudson", "Samuel Garland", "Peter Pitchlynn", 
        "Allen Wright", "Coleman Cole", "Isaac Levi Garvin", "Isaac Garvin", "Jackson Mccurtain", 
        "Chief Mccurtain", "Edmund Mccurtain", "Thompson Mckinney", "Ben Smallwood", "Jefferson Gardner", 
        "Green Mccurtain", "Gilbert Wesley Dukes", "Victor Locke", "William Semple", 
        "William F. Semple", "Ben Dwight", "William Durant", "Clark David Gardner", "Hollis Roberts", 
        "Hollis E. Roberts", "Gregory Pyle", "Gregory E. Pyle", "Chief Pyle", "Gary Batton", "Chief Batton"],
    "Chickasaw Indians":["Overton James", "Anoatubby", "Charles W. Blackwell", "William Byrd", 
        "James Logan Colbert", "Levi Colbert", "Winchester Colbert", "Cyrus Harris", 
        "Maytubby", "Palmer Mosely", "Palmer S. Mosely", "Benjamin Overton", 
        "Jonas Wolf", "Jerry Imotichey", "Henry Pratt", "Imotichey", "Juanita Tate"],
    "Creek Indians":["Claude Cox", "Norman Hoyt", "Robert L. Thomas", "Gerald W. Hill", 
        "Samuel Chocote", "Locher Harjo", "Ward Coachman", "Joseph M. Perryman", 
        "Legus Perryman", "Edward Bullette", "Sparhecher", "Pleasant Porter", 
        "William McIntosh", "Jim Pepper", "Great Mortar", "Yayatustenuggee", 
        "Opothleyaholo", "William Weatherford", "Lamochattee", "William McIntosh", 
        "McGillivray"],
    "Osage Indians":["Fred Lookout", "Charles Tillman", "John Red Eagle", "Little Osage", "James Bigheart", 
        "Shonka Sabe", "John Joseph Mathews", "Tink Tinker", "Chief White Hair", 
        "Maria Tallchief", "Marjorie Tallchief", "Arthur Bonnicastle", "Paul Red Eagle", 
        "Sylvester Tinker", "Charles O. Tillman", "Scott Bighorse", "Standing Bear", 
        "Henry Red Eagle", "Chief Red Eagle", "Geoffrey M. Standing Bear"],
    "Comanche Indians":["Quanah Parker", "Wallace Coffey", "Shoshoni", "Shoshone", "Charles Chibitty", 
        "Peta Nocona", "White Parker", "Jesse Ed Davis", "ten bears", "Chief White Eagle", 
        "Buffalo Hump", "Iron Jacket", "Yellow Wolf", "Woommavovah"],
    "Kiowa Indians": ["Clyde Mithlo", "Phillip Jack Anquoe", "Billy Evans Horse", "J.T. Goombi", 
        "JT Goombi", "Sitting Bear", "Guipago", "Satanta", "Chief Lone Wolf", 
        "Ahpeahtone", "Horace Poolaw", "Pascal Poolaw", "Jack Hokeah", "Spencer Asah", 
        "James Auchiah", "Chief Big Bow", "Lawrence SpottedBird"],
    "Pawnee Indians":["Andrew Knife Chief", "Walter Echo-Hawk", "Albert Gourd", "Sun Chief", 
        "Sharitahrish", "Big Spotted Horse", "John EchoHawk", "Larry Echo Hawk", 
        "Petalesharo", "Wicked Chief", "Ralph Haymond", "Warren Pratt", 
        "Lester Moon Eagle", "Morgan Littel Sun", "Pat Leading Fox", 
        "Chief Little Sun", "Chief Horsechief", "Spotted Horsechief", 
        "Gilbert Beard", "Misty Nuttle", "Misty M. Nuttle"],
    "Sac and Fox Indians":["George Thurman", "Jim Thorpe", "Thakiwaki", "Chief Appanoose", 
        "Keokuk", "Mokohoko", "Don Abney", "Don W. Abney", "Dora Ortega", 
        "Dora S. Ortega", "Schexnider", "Peggy Acoya", "Mary F. McCormick", 
        "Mary McCormick"],
    "Shawnee Indians":["Chief Big Jim", "Chief Black Bob", "Chief Bluejacket", 
        "Chief Catahecassa", "Chief Paxinos", "Tenskwatawa", "Chief Tecumseh", 
        "Chief Nererahhe"],
    "Ponca Indians":["Chief White Eagle", "Clyde Warrior", "Chief Standing Bear", "Carter Camp"],
    "Cheyenne-Arapaho":["William \"Hawk\" Birdshead", "Suzan Shown Harjo", "Viola Hatch", 
        "Yvonne Kauger", "Chief Little Raven", "Henrietta Mann", 
        "Chief Niwot", "St. David Pendleton Oakerhater", "Harvey Pratt", 
        "Henry Roman Nose", "W. Richard West", "Gilbert Miles"],
    "Kaw Indians":["Lucy Tayiah Eads", "Washunga", "White Plume", "Mochousia", 
        "Jim Pepper", "Walter Kekahbah", "Allegawaho", "KnoShr"],
    "Caddo Indians":["Dehahuit", "Bobby Gonzalez"],
    "Iowa Indians":["Chief Mahaska", "Big Neck", "Moanahonga", "Mary Louise White Cloud", 
        "Jacob Keyes"]

    }

}